{
    "rmse_x": 34.64063459235367,
    "rmse_y": 27.975768938590523,
    "rmse_theta": 78.60091635418297,
    "corr_x": 0.1742246403599525,
    "corr_y": -0.45780316211911415,
    "corr_theta": 0.09772824834351351
}