{
    "rmse_x": 10.312395058226373,
    "rmse_y": 8.901301993395204,
    "rmse_theta": 15.466476306950055,
    "corr_x": 0.9191657057806591,
    "corr_y": 0.9857326773555899,
    "corr_theta": 0.8852383476552608
}