{
    "rmse_x": 9.754859771156319,
    "rmse_y": 8.566798247230139,
    "rmse_theta": 14.21771719246228,
    "corr_x": 0.9349097067473857,
    "corr_y": 0.9877447944979681,
    "corr_theta": 0.9177979891204623
}