{
    "rmse_x": 6.7696337029721345,
    "rmse_y": 6.947635448597473,
    "rmse_theta": 14.458439849460003,
    "corr_x": 0.9883426655786169,
    "corr_y": 0.9947154893348472,
    "corr_theta": 0.9135652924857799
}