{
    "rmse_x": 6.509339853333372,
    "rmse_y": 6.841635062652568,
    "rmse_theta": 14.072840639951789,
    "corr_x": 0.9905878459903834,
    "corr_y": 0.9951440120831867,
    "corr_theta": 0.9222760862564912
}