{
    "rmse_x": 6.500572826758254,
    "rmse_y": 7.119658920409914,
    "rmse_theta": 15.104861617227883,
    "corr_x": 0.9913039372501448,
    "corr_y": 0.9941320706992509,
    "corr_theta": 0.8975122465749052
}