{
    "rmse_x": 331.9065428474862,
    "rmse_y": 263.9575430791092,
    "rmse_theta": 26.616425568565862,
    "corr_x": -0.24036356811382634,
    "corr_y": -0.07473544606084777,
    "corr_theta": 0.02099093282030734
}