{
    "rmse_x": 10.183679408097252,
    "rmse_y": 8.857333126982338,
    "rmse_theta": 15.086167305251948,
    "corr_x": 0.9230321778871535,
    "corr_y": 0.9860060078470906,
    "corr_theta": 0.8959946042518955
}