{
    "rmse_x": 6.180729021639352,
    "rmse_y": 7.1864234789706245,
    "rmse_theta": 13.966519325263587,
    "corr_x": 0.9919126652884933,
    "corr_y": 0.9939107857696942,
    "corr_theta": 0.9239393221103632
}