{
    "rmse_x": 5.8076916328978,
    "rmse_y": 7.227607939878392,
    "rmse_theta": 13.82887563476942,
    "corr_x": 0.9929091537891932,
    "corr_y": 0.9937588283386279,
    "corr_theta": 0.9268846160660725
}