{
    "rmse_x": 13.973621331383846,
    "rmse_y": 13.836892925731618,
    "rmse_theta": 14.255093025381921,
    "corr_x": 0.7507062608256132,
    "corr_y": 0.9386431530831414,
    "corr_theta": 0.9161660906724336
}