{
    "rmse_x": 6.168280734953855,
    "rmse_y": 7.188410001270971,
    "rmse_theta": 13.96563168300839,
    "corr_x": 0.9919847488572637,
    "corr_y": 0.993904019595251,
    "corr_theta": 0.9239524615119801
}