{
    "rmse_x": 115.03810026995353,
    "rmse_y": 86.01399936175055,
    "rmse_theta": 27.12183388132606,
    "corr_x": 0.08835401916946875,
    "corr_y": 0.24800535898232007,
    "corr_theta": 0.07243963950500594
}