{
    "rmse_x": 39.493310797888654,
    "rmse_y": 31.620921121306445,
    "rmse_theta": 24.093618428067032,
    "corr_x": -0.0766767945980053,
    "corr_y": 0.32307090696363505,
    "corr_theta": 0.3641849324057625
}