{
    "rmse_x": 6.182467243185636,
    "rmse_y": 7.187239523977827,
    "rmse_theta": 13.966359536093975,
    "corr_x": 0.9919079960035255,
    "corr_y": 0.9939080583967411,
    "corr_theta": 0.9239386220842245
}