{
    "rmse_x": 10.266246465653879,
    "rmse_y": 8.874070397082571,
    "rmse_theta": 15.144803576331517,
    "corr_x": 0.9205112334844587,
    "corr_y": 0.9859049477834222,
    "corr_theta": 0.8944013314491808
}