{
    "rmse_x": 6.114499597820781,
    "rmse_y": 7.191850817150628,
    "rmse_theta": 13.971150739825655,
    "corr_x": 0.9921825237387164,
    "corr_y": 0.9938912204493237,
    "corr_theta": 0.9238218249319602
}