{
    "rmse_x": 14.155304582114278,
    "rmse_y": 13.739372826176137,
    "rmse_theta": 14.225608902009107,
    "corr_x": 0.7392675360065538,
    "corr_y": 0.9372134309186859,
    "corr_theta": 0.9165341847178379
}