{
    "rmse_x": 10.971129267751394,
    "rmse_y": 8.8683313861929,
    "rmse_theta": 14.895820834185677,
    "corr_x": 0.8933738293826089,
    "corr_y": 0.9861349402272308,
    "corr_theta": 0.9008875682059174
}